AB006119.1	AB006119.1.1363	100.000	1363	0.0	2518	Bacteria;Bacillati;Bacillota;Bacilli;Lactobacillales;Streptococcaceae;Streptococcus;Streptococcus anginosus
AB006120.1	AB006120.1.1355	100.000	1355	0.0	2503	Bacteria;Bacillati;Bacillota;Bacilli;Lactobacillales;Streptococcaceae;Streptococcus;Streptococcus anginosus
AB355609.1	AB355609.1.1399	100.000	1399	0.0	2584	Bacteria;Bacillati;Bacillota;Bacilli;Lactobacillales;Streptococcaceae;Streptococcus;Streptococcus anginosus
AB355610.1	DQ232519.1.1477	99.928	1396	0.0	2573	Bacteria;Bacillati;Bacillota;Bacilli;Lactobacillales;Streptococcaceae;Streptococcus;Streptococcus anginosus
AB355611.1	JN787181.1.1404	99.853	1357	0.0	2495	Bacteria;Bacillati;Bacillota;Bacilli;Lactobacillales;Streptococcaceae;Streptococcus;Streptococcus anginosus
AB355612.1	DQ232519.1.1477	100.000	1396	0.0	2579	Bacteria;Bacillati;Bacillota;Bacilli;Lactobacillales;Streptococcaceae;Streptococcus;Streptococcus anginosus
AB355613.1	DQ232519.1.1477	99.713	1396	0.0	2556	Bacteria;Bacillati;Bacillota;Bacilli;Lactobacillales;Streptococcaceae;Streptococcus;Streptococcus anginosus
AB355614.1	DQ232519.1.1477	99.857	1396	0.0	2567	Bacteria;Bacillati;Bacillota;Bacilli;Lactobacillales;Streptococcaceae;Streptococcus;Streptococcus anginosus
AB355615.1	FM873680.1.1509	99.071	1400	0.0	2512	Bacteria;Bacillati;Bacillota;Bacilli;Lactobacillales;Streptococcaceae;Streptococcus;uncultured bacterium
AF104678.1	AF104678.1.1573	100.000	1536	0.0	2819	Bacteria;Bacillati;Bacillota;Bacilli;Lactobacillales;Streptococcaceae;Streptococcus;Streptococcus anginosus
AF104679.1	AF104678.1.1573	100.000	1536	0.0	2819	Bacteria;Bacillati;Bacillota;Bacilli;Lactobacillales;Streptococcaceae;Streptococcus;Streptococcus anginosus
AF145239.1	AFIM01000033.206.1753	99.343	1523	0.0	2760	Bacteria;Bacillati;Bacillota;Bacilli;Lactobacillales;Streptococcaceae;Streptococcus;Streptococcus anginosus SK52 = DSM 20563
AF145240.1	AFIM01000033.206.1753	99.398	1495	0.0	2717	Bacteria;Bacillati;Bacillota;Bacilli;Lactobacillales;Streptococcaceae;Streptococcus;Streptococcus anginosus SK52 = DSM 20563
AF145241.1	AFIM01000033.206.1753	98.463	1496	0.0	2641	Bacteria;Bacillati;Bacillota;Bacilli;Lactobacillales;Streptococcaceae;Streptococcus;Streptococcus anginosus SK52 = DSM 20563
AF145242.1	FM873680.1.1509	98.805	1506	0.0	2682	Bacteria;Bacillati;Bacillota;Bacilli;Lactobacillales;Streptococcaceae;Streptococcus;uncultured bacterium
AF145243.1	JASOLX010000056.3560.5115	98.668	1502	0.0	2663	Bacteria;Bacillati;Bacillota;Bacilli;Lactobacillales;Streptococcaceae;Streptococcus;Lacticaseibacillus paracasei
AF145244.1	CP034543.1435680.1437239	98.743	1512	0.0	2689	Bacteria;Bacillati;Bacillota;Bacilli;Lactobacillales;Streptococcaceae;Streptococcus;Streptococcus periodonticum
AF145245.1	JASOLX010000056.3560.5115	98.219	1516	0.0	2665	Bacteria;Bacillati;Bacillota;Bacilli;Lactobacillales;Streptococcaceae;Streptococcus;Lacticaseibacillus paracasei
AF145246.1	JASOLX010000056.3560.5115	98.599	1499	0.0	2656	Bacteria;Bacillati;Bacillota;Bacilli;Lactobacillales;Streptococcaceae;Streptococcus;Lacticaseibacillus paracasei
AY309096.1	DQ232519.1.1477	99.591	1468	0.0	2678	Bacteria;Bacillati;Bacillota;Bacilli;Lactobacillales;Streptococcaceae;Streptococcus;Streptococcus anginosus
AY691534.1	AY691534.1.1510	100.000	1510	0.0	2789	Bacteria;Bacillati;Bacillota;Bacilli;Lactobacillales;Streptococcaceae;Streptococcus;Streptococcus anginosus
AY691535.1	AFIM01000033.206.1753	99.670	1514	0.0	2769	Bacteria;Bacillati;Bacillota;Bacilli;Lactobacillales;Streptococcaceae;Streptococcus;Streptococcus anginosus SK52 = DSM 20563
AY691536.1	AFIM01000033.206.1753	99.802	1514	0.0	2780	Bacteria;Bacillati;Bacillota;Bacilli;Lactobacillales;Streptococcaceae;Streptococcus;Streptococcus anginosus SK52 = DSM 20563
AY691537.1	AFIM01000033.206.1753	99.374	1438	0.0	2608	Bacteria;Bacillati;Bacillota;Bacilli;Lactobacillales;Streptococcaceae;Streptococcus;Streptococcus anginosus SK52 = DSM 20563
AY691541.1	AFIM01000033.206.1753	99.671	1520	0.0	2780	Bacteria;Bacillati;Bacillota;Bacilli;Lactobacillales;Streptococcaceae;Streptococcus;Streptococcus anginosus SK52 = DSM 20563
AY986761.1	AY986761.1.1517	100.000	1517	0.0	2802	Bacteria;Bacillati;Bacillota;Bacilli;Lactobacillales;Streptococcaceae;Streptococcus;Streptococcus anginosus
AY986762.1	AFIM01000033.206.1753	99.802	1514	0.0	2780	Bacteria;Bacillati;Bacillota;Bacilli;Lactobacillales;Streptococcaceae;Streptococcus;Streptococcus anginosus SK52 = DSM 20563
AY986763.1	AFIM01000033.206.1753	99.736	1514	0.0	2774	Bacteria;Bacillati;Bacillota;Bacilli;Lactobacillales;Streptococcaceae;Streptococcus;Streptococcus anginosus SK52 = DSM 20563
AY986764.1	JASOLX010000056.3560.5115	98.686	1522	0.0	2697	Bacteria;Bacillati;Bacillota;Bacilli;Lactobacillales;Streptococcaceae;Streptococcus;Lacticaseibacillus paracasei
AY986765.1	AFIM01000033.206.1753	99.671	1520	0.0	2780	Bacteria;Bacillati;Bacillota;Bacilli;Lactobacillales;Streptococcaceae;Streptococcus;Streptococcus anginosus SK52 = DSM 20563
DQ232517.1	AB236926.4846.6393	100.000	1477	0.0	2728	Bacteria;Bacillati;Bacillota;Bacilli;Lactobacillales;Streptococcaceae;Streptococcus;Streptococcus intermedius
DQ232518.1	DQ232518.1.1477	100.000	1477	0.0	2728	Bacteria;Bacillati;Bacillota;Bacilli;Lactobacillales;Streptococcaceae;Streptococcus;Streptococcus anginosus
DQ232519.1	DQ232519.1.1477	100.000	1477	0.0	2728	Bacteria;Bacillati;Bacillota;Bacilli;Lactobacillales;Streptococcaceae;Streptococcus;Streptococcus anginosus
GU045404.1	DQ232518.1.1477	100.000	1477	0.0	2728	Bacteria;Bacillati;Bacillota;Bacilli;Lactobacillales;Streptococcaceae;Streptococcus;Streptococcus anginosus
GU470894.1	AFIM01000033.206.1753	99.739	1531	0.0	2806	Bacteria;Bacillati;Bacillota;Bacilli;Lactobacillales;Streptococcaceae;Streptococcus;Streptococcus anginosus SK52 = DSM 20563
GU561377.1	PQ779990.1.1458	99.861	1435	0.0	2638	Bacteria;Bacillati;Bacillota;Bacilli;Lactobacillales;Streptococcaceae;Streptococcus;Bacillota bacterium
GU561378.1	DQ232519.1.1477	99.930	1438	0.0	2651	Bacteria;Bacillati;Bacillota;Bacilli;Lactobacillales;Streptococcaceae;Streptococcus;Streptococcus anginosus
GU907516.1	AFIM01000033.206.1753	98.820	1441	0.0	2562	Bacteria;Bacillati;Bacillota;Bacilli;Lactobacillales;Streptococcaceae;Streptococcus;Streptococcus anginosus SK52 = DSM 20563
JN578465.1	AFIM01000033.206.1753	100.000	1478	0.0	2730	Bacteria;Bacillati;Bacillota;Bacilli;Lactobacillales;Streptococcaceae;Streptococcus;Streptococcus anginosus SK52 = DSM 20563
JN713285.1	AFIM01000033.206.1753	99.805	1535	0.0	2819	Bacteria;Bacillati;Bacillota;Bacilli;Lactobacillales;Streptococcaceae;Streptococcus;Streptococcus anginosus SK52 = DSM 20563
JN787164.1	JN787171.1.1404	100.000	1404	0.0	2593	Bacteria;Bacillati;Bacillota;Bacilli;Lactobacillales;Streptococcaceae;Streptococcus;Streptococcus anginosus
JN787165.1	DQ232519.1.1477	99.929	1404	0.0	2588	Bacteria;Bacillati;Bacillota;Bacilli;Lactobacillales;Streptococcaceae;Streptococcus;Streptococcus anginosus
JN787166.1	AFIM01000033.206.1753	99.929	1404	0.0	2588	Bacteria;Bacillati;Bacillota;Bacilli;Lactobacillales;Streptococcaceae;Streptococcus;Streptococcus anginosus SK52 = DSM 20563
JN787167.1	AFIM01000033.206.1753	99.929	1404	0.0	2588	Bacteria;Bacillati;Bacillota;Bacilli;Lactobacillales;Streptococcaceae;Streptococcus;Streptococcus anginosus SK52 = DSM 20563
JN787168.1	DQ232519.1.1477	99.573	1404	0.0	2560	Bacteria;Bacillati;Bacillota;Bacilli;Lactobacillales;Streptococcaceae;Streptococcus;Streptococcus anginosus
JN787169.1	AFIM01000033.206.1753	99.929	1404	0.0	2590	Bacteria;Bacillati;Bacillota;Bacilli;Lactobacillales;Streptococcaceae;Streptococcus;Streptococcus anginosus SK52 = DSM 20563
JN787170.1	JN787170.1.1404	100.000	1404	0.0	2593	Bacteria;Bacillati;Bacillota;Bacilli;Lactobacillales;Streptococcaceae;Streptococcus;Streptococcus anginosus
JN787171.1	JN787171.1.1404	100.000	1404	0.0	2593	Bacteria;Bacillati;Bacillota;Bacilli;Lactobacillales;Streptococcaceae;Streptococcus;Streptococcus anginosus
JN787172.1	JN787171.1.1404	100.000	1404	0.0	2593	Bacteria;Bacillati;Bacillota;Bacilli;Lactobacillales;Streptococcaceae;Streptococcus;Streptococcus anginosus
JN787173.1	JN787171.1.1404	100.000	1404	0.0	2593	Bacteria;Bacillati;Bacillota;Bacilli;Lactobacillales;Streptococcaceae;Streptococcus;Streptococcus anginosus
JN787174.1	JN787171.1.1404	100.000	1404	0.0	2593	Bacteria;Bacillati;Bacillota;Bacilli;Lactobacillales;Streptococcaceae;Streptococcus;Streptococcus anginosus
JN787175.1	JN787171.1.1404	100.000	1404	0.0	2593	Bacteria;Bacillati;Bacillota;Bacilli;Lactobacillales;Streptococcaceae;Streptococcus;Streptococcus anginosus
JN787176.1	JN787171.1.1404	100.000	1404	0.0	2593	Bacteria;Bacillati;Bacillota;Bacilli;Lactobacillales;Streptococcaceae;Streptococcus;Streptococcus anginosus
JN787177.1	JN787171.1.1404	100.000	1404	0.0	2593	Bacteria;Bacillati;Bacillota;Bacilli;Lactobacillales;Streptococcaceae;Streptococcus;Streptococcus anginosus
JN787178.1	JN787171.1.1404	100.000	1404	0.0	2593	Bacteria;Bacillati;Bacillota;Bacilli;Lactobacillales;Streptococcaceae;Streptococcus;Streptococcus anginosus
JN787179.1	JN787171.1.1404	100.000	1404	0.0	2593	Bacteria;Bacillati;Bacillota;Bacilli;Lactobacillales;Streptococcaceae;Streptococcus;Streptococcus anginosus
JN787180.1	JN787181.1.1404	99.644	1404	0.0	2566	Bacteria;Bacillati;Bacillota;Bacilli;Lactobacillales;Streptococcaceae;Streptococcus;Streptococcus anginosus
JN787181.1	JN787181.1.1404	100.000	1404	0.0	2593	Bacteria;Bacillati;Bacillota;Bacilli;Lactobacillales;Streptococcaceae;Streptococcus;Streptococcus anginosus
JN787182.1	JN787181.1.1404	99.573	1404	0.0	2560	Bacteria;Bacillati;Bacillota;Bacilli;Lactobacillales;Streptococcaceae;Streptococcus;Streptococcus anginosus
JN787183.1	JN787171.1.1404	100.000	1404	0.0	2593	Bacteria;Bacillati;Bacillota;Bacilli;Lactobacillales;Streptococcaceae;Streptococcus;Streptococcus anginosus
JN787184.1	JN787181.1.1404	99.644	1404	0.0	2566	Bacteria;Bacillati;Bacillota;Bacilli;Lactobacillales;Streptococcaceae;Streptococcus;Streptococcus anginosus
JN787185.1	JN787181.1.1404	99.644	1404	0.0	2566	Bacteria;Bacillati;Bacillota;Bacilli;Lactobacillales;Streptococcaceae;Streptococcus;Streptococcus anginosus
JN787186.1	JN787193.1.1404	99.929	1404	0.0	2588	Bacteria;Bacillati;Bacillota;Bacilli;Lactobacillales;Streptococcaceae;Streptococcus;Streptococcus anginosus subsp. whileyi CCUG 39159
JN787187.1	JN787193.1.1404	99.929	1404	0.0	2588	Bacteria;Bacillati;Bacillota;Bacilli;Lactobacillales;Streptococcaceae;Streptococcus;Streptococcus anginosus subsp. whileyi CCUG 39159
JN787188.1	JN787193.1.1404	100.000	1404	0.0	2593	Bacteria;Bacillati;Bacillota;Bacilli;Lactobacillales;Streptococcaceae;Streptococcus;Streptococcus anginosus subsp. whileyi CCUG 39159
JN787189.1	JN787193.1.1404	100.000	1404	0.0	2593	Bacteria;Bacillati;Bacillota;Bacilli;Lactobacillales;Streptococcaceae;Streptococcus;Streptococcus anginosus subsp. whileyi CCUG 39159
JN787190.1	JN787193.1.1404	100.000	1404	0.0	2593	Bacteria;Bacillati;Bacillota;Bacilli;Lactobacillales;Streptococcaceae;Streptococcus;Streptococcus anginosus subsp. whileyi CCUG 39159
JN787191.1	JN787193.1.1404	100.000	1404	0.0	2593	Bacteria;Bacillati;Bacillota;Bacilli;Lactobacillales;Streptococcaceae;Streptococcus;Streptococcus anginosus subsp. whileyi CCUG 39159
JN787192.1	JN787193.1.1404	100.000	1404	0.0	2593	Bacteria;Bacillati;Bacillota;Bacilli;Lactobacillales;Streptococcaceae;Streptococcus;Streptococcus anginosus subsp. whileyi CCUG 39159
JN787193.1	JN787193.1.1404	100.000	1404	0.0	2593	Bacteria;Bacillati;Bacillota;Bacilli;Lactobacillales;Streptococcaceae;Streptococcus;Streptococcus anginosus subsp. whileyi CCUG 39159
JN787194.1	JN787193.1.1404	100.000	1404	0.0	2593	Bacteria;Bacillati;Bacillota;Bacilli;Lactobacillales;Streptococcaceae;Streptococcus;Streptococcus anginosus subsp. whileyi CCUG 39159
JN787195.1	JN787193.1.1404	99.929	1404	0.0	2588	Bacteria;Bacillati;Bacillota;Bacilli;Lactobacillales;Streptococcaceae;Streptococcus;Streptococcus anginosus subsp. whileyi CCUG 39159
JN787196.1	JN787193.1.1404	99.929	1404	0.0	2588	Bacteria;Bacillati;Bacillota;Bacilli;Lactobacillales;Streptococcaceae;Streptococcus;Streptococcus anginosus subsp. whileyi CCUG 39159
JN787197.1	JN787193.1.1404	100.000	1404	0.0	2593	Bacteria;Bacillati;Bacillota;Bacilli;Lactobacillales;Streptococcaceae;Streptococcus;Streptococcus anginosus subsp. whileyi CCUG 39159
JN787198.1	JN787193.1.1404	100.000	1404	0.0	2593	Bacteria;Bacillati;Bacillota;Bacilli;Lactobacillales;Streptococcaceae;Streptococcus;Streptococcus anginosus subsp. whileyi CCUG 39159
JN787199.1	JN787193.1.1404	100.000	1404	0.0	2593	Bacteria;Bacillati;Bacillota;Bacilli;Lactobacillales;Streptococcaceae;Streptococcus;Streptococcus anginosus subsp. whileyi CCUG 39159
JN787200.1	JN787193.1.1404	99.929	1404	0.0	2588	Bacteria;Bacillati;Bacillota;Bacilli;Lactobacillales;Streptococcaceae;Streptococcus;Streptococcus anginosus subsp. whileyi CCUG 39159
JN787201.1	JN787193.1.1404	100.000	1404	0.0	2593	Bacteria;Bacillati;Bacillota;Bacilli;Lactobacillales;Streptococcaceae;Streptococcus;Streptococcus anginosus subsp. whileyi CCUG 39159
JN787202.1	JN787193.1.1404	100.000	1404	0.0	2593	Bacteria;Bacillati;Bacillota;Bacilli;Lactobacillales;Streptococcaceae;Streptococcus;Streptococcus anginosus subsp. whileyi CCUG 39159
JN787203.1	JN787193.1.1404	100.000	1404	0.0	2593	Bacteria;Bacillati;Bacillota;Bacilli;Lactobacillales;Streptococcaceae;Streptococcus;Streptococcus anginosus subsp. whileyi CCUG 39159
JN787204.1	JN787193.1.1404	100.000	1404	0.0	2593	Bacteria;Bacillati;Bacillota;Bacilli;Lactobacillales;Streptococcaceae;Streptococcus;Streptococcus anginosus subsp. whileyi CCUG 39159
JN787205.1	MT597725.1.1468	99.929	1404	0.0	2588	Bacteria;Bacillati;Bacillota;Bacilli;Lactobacillales;Streptococcaceae;Streptococcus;Streptococcus anginosus
JN787206.1	JN787193.1.1404	99.929	1404	0.0	2588	Bacteria;Bacillati;Bacillota;Bacilli;Lactobacillales;Streptococcaceae;Streptococcus;Streptococcus anginosus subsp. whileyi CCUG 39159
JN787207.1	JN787193.1.1404	99.929	1404	0.0	2588	Bacteria;Bacillati;Bacillota;Bacilli;Lactobacillales;Streptococcaceae;Streptococcus;Streptococcus anginosus subsp. whileyi CCUG 39159
JN787208.1	JN787193.1.1404	100.000	1404	0.0	2593	Bacteria;Bacillati;Bacillota;Bacilli;Lactobacillales;Streptococcaceae;Streptococcus;Streptococcus anginosus subsp. whileyi CCUG 39159
JN787209.1	JN787193.1.1404	100.000	1404	0.0	2593	Bacteria;Bacillati;Bacillota;Bacilli;Lactobacillales;Streptococcaceae;Streptococcus;Streptococcus anginosus subsp. whileyi CCUG 39159
JN787210.1	JN787193.1.1404	99.929	1404	0.0	2588	Bacteria;Bacillati;Bacillota;Bacilli;Lactobacillales;Streptococcaceae;Streptococcus;Streptococcus anginosus subsp. whileyi CCUG 39159
JN787211.1	JN787193.1.1404	99.929	1404	0.0	2588	Bacteria;Bacillati;Bacillota;Bacilli;Lactobacillales;Streptococcaceae;Streptococcus;Streptococcus anginosus subsp. whileyi CCUG 39159
JN787212.1	JN787193.1.1404	99.929	1404	0.0	2588	Bacteria;Bacillati;Bacillota;Bacilli;Lactobacillales;Streptococcaceae;Streptococcus;Streptococcus anginosus subsp. whileyi CCUG 39159
JN787213.1	JN787193.1.1404	100.000	1404	0.0	2593	Bacteria;Bacillati;Bacillota;Bacilli;Lactobacillales;Streptococcaceae;Streptococcus;Streptococcus anginosus subsp. whileyi CCUG 39159
JN787214.1	JN787193.1.1404	100.000	1404	0.0	2593	Bacteria;Bacillati;Bacillota;Bacilli;Lactobacillales;Streptococcaceae;Streptococcus;Streptococcus anginosus subsp. whileyi CCUG 39159
JN787215.1	JN787193.1.1404	99.929	1404	0.0	2588	Bacteria;Bacillati;Bacillota;Bacilli;Lactobacillales;Streptococcaceae;Streptococcus;Streptococcus anginosus subsp. whileyi CCUG 39159
JN787216.1	JN787193.1.1404	99.929	1404	0.0	2588	Bacteria;Bacillati;Bacillota;Bacilli;Lactobacillales;Streptococcaceae;Streptococcus;Streptococcus anginosus subsp. whileyi CCUG 39159
JN787217.1	JN787193.1.1404	99.929	1404	0.0	2588	Bacteria;Bacillati;Bacillota;Bacilli;Lactobacillales;Streptococcaceae;Streptococcus;Streptococcus anginosus subsp. whileyi CCUG 39159
JN787218.1	JN787193.1.1404	99.929	1404	0.0	2588	Bacteria;Bacillati;Bacillota;Bacilli;Lactobacillales;Streptococcaceae;Streptococcus;Streptococcus anginosus subsp. whileyi CCUG 39159
JN787219.1	JN787193.1.1404	99.929	1404	0.0	2588	Bacteria;Bacillati;Bacillota;Bacilli;Lactobacillales;Streptococcaceae;Streptococcus;Streptococcus anginosus subsp. whileyi CCUG 39159
JN787220.1	JN787193.1.1404	100.000	1404	0.0	2593	Bacteria;Bacillati;Bacillota;Bacilli;Lactobacillales;Streptococcaceae;Streptococcus;Streptococcus anginosus subsp. whileyi CCUG 39159
JX678670.1	MT597583.1.1465	99.790	1431	0.0	2627	Bacteria;Bacillati;Bacillota;Bacilli;Lactobacillales;Streptococcaceae;Streptococcus;Streptococcus anginosus
JX678671.1	DQ232519.1.1477	99.929	1417	0.0	2612	Bacteria;Bacillati;Bacillota;Bacilli;Lactobacillales;Streptococcaceae;Streptococcus;Streptococcus anginosus
JX678675.1	DQ232519.1.1477	99.930	1422	0.0	2621	Bacteria;Bacillati;Bacillota;Bacilli;Lactobacillales;Streptococcaceae;Streptococcus;Streptococcus anginosus
JX993433.1	JN787171.1.1404	99.929	1404	0.0	2588	Bacteria;Bacillati;Bacillota;Bacilli;Lactobacillales;Streptococcaceae;Streptococcus;Streptococcus anginosus
JX993434.1	JN787171.1.1404	99.929	1404	0.0	2588	Bacteria;Bacillati;Bacillota;Bacilli;Lactobacillales;Streptococcaceae;Streptococcus;Streptococcus anginosus
JX993435.1	JN787193.1.1404	100.000	1404	0.0	2593	Bacteria;Bacillati;Bacillota;Bacilli;Lactobacillales;Streptococcaceae;Streptococcus;Streptococcus anginosus subsp. whileyi CCUG 39159
JX993436.1	JN787193.1.1404	99.929	1404	0.0	2588	Bacteria;Bacillati;Bacillota;Bacilli;Lactobacillales;Streptococcaceae;Streptococcus;Streptococcus anginosus subsp. whileyi CCUG 39159
JX993438.1	JN787181.1.1404	99.644	1404	0.0	2566	Bacteria;Bacillati;Bacillota;Bacilli;Lactobacillales;Streptococcaceae;Streptococcus;Streptococcus anginosus
JX993448.1	AFIM01000033.206.1753	99.929	1404	0.0	2590	Bacteria;Bacillati;Bacillota;Bacilli;Lactobacillales;Streptococcaceae;Streptococcus;Streptococcus anginosus SK52 = DSM 20563
KC569574.1	AFIM01000033.206.1753	99.229	1426	0.0	2582	Bacteria;Bacillati;Bacillota;Bacilli;Lactobacillales;Streptococcaceae;Streptococcus;Streptococcus anginosus SK52 = DSM 20563
KC569575.1	AFIM01000033.206.1753	99.719	1426	0.0	2612	Bacteria;Bacillati;Bacillota;Bacilli;Lactobacillales;Streptococcaceae;Streptococcus;Streptococcus anginosus SK52 = DSM 20563
KC569576.1	CP118032.1567698.1569256	99.369	1427	0.0	2584	Bacteria;Bacillati;Bacillota;Bacilli;Lactobacillales;Streptococcaceae;Streptococcus;Lactobacillus gasseri
KC569577.1	AFIM01000033.206.1753	99.930	1426	0.0	2628	Bacteria;Bacillati;Bacillota;Bacilli;Lactobacillales;Streptococcaceae;Streptococcus;Streptococcus anginosus SK52 = DSM 20563
KC569578.1	AFIM01000033.206.1753	99.930	1426	0.0	2628	Bacteria;Bacillati;Bacillota;Bacilli;Lactobacillales;Streptococcaceae;Streptococcus;Streptococcus anginosus SK52 = DSM 20563
KC569579.1	CP118032.1567698.1569256	99.299	1427	0.0	2579	Bacteria;Bacillati;Bacillota;Bacilli;Lactobacillales;Streptococcaceae;Streptococcus;Lactobacillus gasseri
KC569580.1	AFIM01000033.206.1753	99.790	1426	0.0	2617	Bacteria;Bacillati;Bacillota;Bacilli;Lactobacillales;Streptococcaceae;Streptococcus;Streptococcus anginosus SK52 = DSM 20563
KC569581.1	CP118032.1567698.1569256	99.299	1427	0.0	2579	Bacteria;Bacillati;Bacillota;Bacilli;Lactobacillales;Streptococcaceae;Streptococcus;Lactobacillus gasseri
KC569582.1	CP118032.1567698.1569256	99.369	1427	0.0	2584	Bacteria;Bacillati;Bacillota;Bacilli;Lactobacillales;Streptococcaceae;Streptococcus;Lactobacillus gasseri
KC569583.1	AFIM01000033.206.1753	99.930	1426	0.0	2628	Bacteria;Bacillati;Bacillota;Bacilli;Lactobacillales;Streptococcaceae;Streptococcus;Streptococcus anginosus SK52 = DSM 20563
KC569584.1	KC569584.1.1426	100.000	1426	0.0	2634	Bacteria;Bacillati;Bacillota;Bacilli;Lactobacillales;Streptococcaceae;Streptococcus;Streptococcus anginosus
KC569585.1	AFIM01000033.206.1753	99.579	1426	0.0	2601	Bacteria;Bacillati;Bacillota;Bacilli;Lactobacillales;Streptococcaceae;Streptococcus;Streptococcus anginosus SK52 = DSM 20563
KC569586.1	AFIM01000033.206.1753	99.719	1426	0.0	2612	Bacteria;Bacillati;Bacillota;Bacilli;Lactobacillales;Streptococcaceae;Streptococcus;Streptococcus anginosus SK52 = DSM 20563
KC569587.1	KC569584.1.1426	99.790	1426	0.0	2617	Bacteria;Bacillati;Bacillota;Bacilli;Lactobacillales;Streptococcaceae;Streptococcus;Streptococcus anginosus
KC569588.1	AFIM01000033.206.1753	99.719	1426	0.0	2612	Bacteria;Bacillati;Bacillota;Bacilli;Lactobacillales;Streptococcaceae;Streptococcus;Streptococcus anginosus SK52 = DSM 20563
KC569589.1	AFIM01000033.206.1753	99.369	1426	0.0	2584	Bacteria;Bacillati;Bacillota;Bacilli;Lactobacillales;Streptococcaceae;Streptococcus;Streptococcus anginosus SK52 = DSM 20563
KC569590.1	KC569590.1.1419	100.000	1419	0.0	2621	Bacteria;Bacillati;Bacillota;Bacilli;Lactobacillales;Streptococcaceae;Streptococcus;Streptococcus anginosus
KC569591.1	KC569584.1.1426	99.018	1426	0.0	2556	Bacteria;Bacillati;Bacillota;Bacilli;Lactobacillales;Streptococcaceae;Streptococcus;Streptococcus anginosus
KC569592.1	AFIM01000033.206.1753	99.439	1426	0.0	2590	Bacteria;Bacillati;Bacillota;Bacilli;Lactobacillales;Streptococcaceae;Streptococcus;Streptococcus anginosus SK52 = DSM 20563
KC569593.1	AFIM01000033.206.1753	99.649	1424	0.0	2603	Bacteria;Bacillati;Bacillota;Bacilli;Lactobacillales;Streptococcaceae;Streptococcus;Streptococcus anginosus SK52 = DSM 20563
KC569594.1	KC569584.1.1426	99.018	1426	0.0	2556	Bacteria;Bacillati;Bacillota;Bacilli;Lactobacillales;Streptococcaceae;Streptococcus;Streptococcus anginosus
KC628749.1	JN787181.1.1404	99.642	1397	0.0	2553	Bacteria;Bacillati;Bacillota;Bacilli;Lactobacillales;Streptococcaceae;Streptococcus;Streptococcus anginosus
KC628758.1	PQ779990.1.1458	99.929	1400	0.0	2580	Bacteria;Bacillati;Bacillota;Bacilli;Lactobacillales;Streptococcaceae;Streptococcus;Bacillota bacterium
KF733689.1	AFIM01000033.206.1753	99.328	1487	0.0	2691	Bacteria;Bacillati;Bacillota;Bacilli;Lactobacillales;Streptococcaceae;Streptococcus;Streptococcus anginosus SK52 = DSM 20563
KF733691.1	AFIM01000033.206.1753	99.462	1487	0.0	2702	Bacteria;Bacillati;Bacillota;Bacilli;Lactobacillales;Streptococcaceae;Streptococcus;Streptococcus anginosus SK52 = DSM 20563
KF733693.1	AFIM01000033.206.1753	99.664	1486	0.0	2717	Bacteria;Bacillati;Bacillota;Bacilli;Lactobacillales;Streptococcaceae;Streptococcus;Streptococcus anginosus SK52 = DSM 20563
KF733694.1	AFIM01000033.206.1753	99.462	1486	0.0	2700	Bacteria;Bacillati;Bacillota;Bacilli;Lactobacillales;Streptococcaceae;Streptococcus;Streptococcus anginosus SK52 = DSM 20563
KF733700.1	AFIM01000033.206.1753	99.596	1486	0.0	2712	Bacteria;Bacillati;Bacillota;Bacilli;Lactobacillales;Streptococcaceae;Streptococcus;Streptococcus anginosus SK52 = DSM 20563
KF733702.1	AFIM01000033.206.1753	99.731	1487	0.0	2724	Bacteria;Bacillati;Bacillota;Bacilli;Lactobacillales;Streptococcaceae;Streptococcus;Streptococcus anginosus SK52 = DSM 20563
KF733717.1	BNJU01001146.46780.48313	98.793	1491	0.0	2643	Bacteria;Bacillati;Bacillota;Bacilli;Lactobacillales;Streptococcaceae;Streptococcus;human saliva metagenome
KF933782.1	JASOLX010000056.3560.5115	98.747	1516	0.0	2691	Bacteria;Bacillati;Bacillota;Bacilli;Lactobacillales;Streptococcaceae;Streptococcus;Lacticaseibacillus paracasei
KJ728813.1	PQ845660.1.1511	98.853	1482	0.0	2632	Bacteria;Bacillati;Bacillota;Bacilli;Lactobacillales;Streptococcaceae;Streptococcus;uncultured Streptococcus sp.
KJ803946.1	DQ232519.1.1477	99.930	1434	0.0	2643	Bacteria;Bacillati;Bacillota;Bacilli;Lactobacillales;Streptococcaceae;Streptococcus;Streptococcus anginosus
KM052286.1	BNJU01001146.46780.48313	99.030	1444	0.0	2579	Bacteria;Bacillati;Bacillota;Bacilli;Lactobacillales;Streptococcaceae;Streptococcus;human saliva metagenome
KM225745.1	AFIM01000033.206.1753	99.602	1507	0.0	2750	Bacteria;Bacillati;Bacillota;Bacilli;Lactobacillales;Streptococcaceae;Streptococcus;Streptococcus anginosus SK52 = DSM 20563
KX661043.1	DQ232519.1.1477	100.000	1251	0.0	2311	Bacteria;Bacillati;Bacillota;Bacilli;Lactobacillales;Streptococcaceae;Streptococcus;Streptococcus anginosus
KX661044.1	JN787181.1.1404	99.920	1251	0.0	2305	Bacteria;Bacillati;Bacillota;Bacilli;Lactobacillales;Streptococcaceae;Streptococcus;Streptococcus anginosus
KX661046.1	CP118032.1567698.1569256	99.920	1251	0.0	2305	Bacteria;Bacillati;Bacillota;Bacilli;Lactobacillales;Streptococcaceae;Streptococcus;Lactobacillus gasseri
KX661047.1	KC569584.1.1426	99.600	1251	0.0	2283	Bacteria;Bacillati;Bacillota;Bacilli;Lactobacillales;Streptococcaceae;Streptococcus;Streptococcus anginosus
KX661048.1	CP118032.1567698.1569256	99.920	1251	0.0	2305	Bacteria;Bacillati;Bacillota;Bacilli;Lactobacillales;Streptococcaceae;Streptococcus;Lactobacillus gasseri
KX661049.1	JN787181.1.1404	99.840	1251	0.0	2300	Bacteria;Bacillati;Bacillota;Bacilli;Lactobacillales;Streptococcaceae;Streptococcus;Streptococcus anginosus
KX661050.1	JN787181.1.1404	99.840	1251	0.0	2300	Bacteria;Bacillati;Bacillota;Bacilli;Lactobacillales;Streptococcaceae;Streptococcus;Streptococcus anginosus
KX661051.1	AFIM01000033.206.1753	100.000	1251	0.0	2311	Bacteria;Bacillati;Bacillota;Bacilli;Lactobacillales;Streptococcaceae;Streptococcus;Streptococcus anginosus SK52 = DSM 20563
KX661052.1	JQ450005.1.1406	99.920	1251	0.0	2305	Bacteria;Bacillati;Bacillota;Bacilli;Lactobacillales;Streptococcaceae;Streptococcus;uncultured bacterium
KX661054.1	CP118032.1567698.1569256	99.920	1251	0.0	2305	Bacteria;Bacillati;Bacillota;Bacilli;Lactobacillales;Streptococcaceae;Streptococcus;Lactobacillus gasseri
KX661055.1	CP118032.1567698.1569256	99.920	1251	0.0	2305	Bacteria;Bacillati;Bacillota;Bacilli;Lactobacillales;Streptococcaceae;Streptococcus;Lactobacillus gasseri
KX661056.1	JN787170.1.1404	100.000	1251	0.0	2311	Bacteria;Bacillati;Bacillota;Bacilli;Lactobacillales;Streptococcaceae;Streptococcus;Streptococcus anginosus
KX661057.1	JN787170.1.1404	100.000	1251	0.0	2311	Bacteria;Bacillati;Bacillota;Bacilli;Lactobacillales;Streptococcaceae;Streptococcus;Streptococcus anginosus
KX661058.1	AFIM01000033.206.1753	99.522	1255	0.0	2283	Bacteria;Bacillati;Bacillota;Bacilli;Lactobacillales;Streptococcaceae;Streptococcus;Streptococcus anginosus SK52 = DSM 20563
KX661059.1	LR809138.1.1542	100.000	1251	0.0	2311	Bacteria;Bacillati;Bacillota;Bacilli;Lactobacillales;Streptococcaceae;Streptococcus;Streptococcus sp. Marseille-Q2617
KX661061.1	CP118032.1567698.1569256	99.920	1251	0.0	2305	Bacteria;Bacillati;Bacillota;Bacilli;Lactobacillales;Streptococcaceae;Streptococcus;Lactobacillus gasseri
KX661062.1	CP118032.1567698.1569256	99.920	1251	0.0	2305	Bacteria;Bacillati;Bacillota;Bacilli;Lactobacillales;Streptococcaceae;Streptococcus;Lactobacillus gasseri
KX661063.1	JN787170.1.1404	100.000	1251	0.0	2311	Bacteria;Bacillati;Bacillota;Bacilli;Lactobacillales;Streptococcaceae;Streptococcus;Streptococcus anginosus
KX661065.1	AFIM01000033.206.1753	99.920	1251	0.0	2305	Bacteria;Bacillati;Bacillota;Bacilli;Lactobacillales;Streptococcaceae;Streptococcus;Streptococcus anginosus SK52 = DSM 20563
KX661067.1	JN787181.1.1404	99.840	1251	0.0	2300	Bacteria;Bacillati;Bacillota;Bacilli;Lactobacillales;Streptococcaceae;Streptococcus;Streptococcus anginosus
KX661068.1	CP118032.1567698.1569256	99.920	1251	0.0	2305	Bacteria;Bacillati;Bacillota;Bacilli;Lactobacillales;Streptococcaceae;Streptococcus;Lactobacillus gasseri
KX661070.1	DQ232519.1.1477	100.000	1251	0.0	2311	Bacteria;Bacillati;Bacillota;Bacilli;Lactobacillales;Streptococcaceae;Streptococcus;Streptococcus anginosus
KX661071.1	JN787170.1.1404	100.000	1251	0.0	2311	Bacteria;Bacillati;Bacillota;Bacilli;Lactobacillales;Streptococcaceae;Streptococcus;Streptococcus anginosus
KX661072.1	JN787193.1.1404	99.840	1251	0.0	2300	Bacteria;Bacillati;Bacillota;Bacilli;Lactobacillales;Streptococcaceae;Streptococcus;Streptococcus anginosus subsp. whileyi CCUG 39159
KX661073.1	CP118032.1567698.1569256	99.920	1251	0.0	2305	Bacteria;Bacillati;Bacillota;Bacilli;Lactobacillales;Streptococcaceae;Streptococcus;Lactobacillus gasseri
KX661074.1	JN787170.1.1404	100.000	1251	0.0	2311	Bacteria;Bacillati;Bacillota;Bacilli;Lactobacillales;Streptococcaceae;Streptococcus;Streptococcus anginosus
KX661075.1	CP118032.1567698.1569256	99.920	1251	0.0	2305	Bacteria;Bacillati;Bacillota;Bacilli;Lactobacillales;Streptococcaceae;Streptococcus;Lactobacillus gasseri
KX661089.1	JN787193.1.1404	99.840	1251	0.0	2300	Bacteria;Bacillati;Bacillota;Bacilli;Lactobacillales;Streptococcaceae;Streptococcus;Streptococcus anginosus subsp. whileyi CCUG 39159
KX661113.1	KC569584.1.1426	99.600	1251	0.0	2283	Bacteria;Bacillati;Bacillota;Bacilli;Lactobacillales;Streptococcaceae;Streptococcus;Streptococcus anginosus
LC140947.1	LC140947.1.1484	100.000	1473	0.0	2699	Bacteria;Bacillati;Bacillota;Bacilli;Lactobacillales;Streptococcaceae;Streptococcus;Streptococcus anginosus
LC144558.1	LC144558.1.1509	100.000	1509	0.0	2713	Bacteria;Bacillati;Bacillota;Bacilli;Lactobacillales;Streptococcaceae;Streptococcus;Streptococcus anginosus
LC258132.1	AFIM01000033.206.1753	100.000	1449	0.0	2676	Bacteria;Bacillati;Bacillota;Bacilli;Lactobacillales;Streptococcaceae;Streptococcus;Streptococcus anginosus SK52 = DSM 20563
LC545465.1	AFIM01000033.206.1753	99.598	1492	0.0	2721	Bacteria;Bacillati;Bacillota;Bacilli;Lactobacillales;Streptococcaceae;Streptococcus;Streptococcus anginosus SK52 = DSM 20563
MF538608.1	JN787181.1.1404	99.677	1240	0.0	2272	Bacteria;Bacillati;Bacillota;Bacilli;Lactobacillales;Streptococcaceae;Streptococcus;Streptococcus anginosus
MF538609.1	JN787181.1.1404	99.571	1398	0.0	2551	Bacteria;Bacillati;Bacillota;Bacilli;Lactobacillales;Streptococcaceae;Streptococcus;Streptococcus anginosus
MF538610.1	JN787181.1.1404	99.499	1397	0.0	2545	Bacteria;Bacillati;Bacillota;Bacilli;Lactobacillales;Streptococcaceae;Streptococcus;Streptococcus anginosus
MF578782.1	PQ779990.1.1458	99.929	1409	0.0	2595	Bacteria;Bacillati;Bacillota;Bacilli;Lactobacillales;Streptococcaceae;Streptococcus;Bacillota bacterium
MF578814.1	DQ232519.1.1477	99.788	1417	0.0	2603	Bacteria;Bacillati;Bacillota;Bacilli;Lactobacillales;Streptococcaceae;Streptococcus;Streptococcus anginosus
MF578815.1	DQ232519.1.1477	99.787	1410	0.0	2590	Bacteria;Bacillati;Bacillota;Bacilli;Lactobacillales;Streptococcaceae;Streptococcus;Streptococcus anginosus
MF578816.1	DQ232519.1.1477	99.929	1403	0.0	2586	Bacteria;Bacillati;Bacillota;Bacilli;Lactobacillales;Streptococcaceae;Streptococcus;Streptococcus anginosus
MG675045.1	MT585451.1.1420	99.768	1293	0.0	2372	Bacteria;Bacillati;Bacillota;Bacilli;Lactobacillales;Streptococcaceae;Streptococcus;Streptococcus anginosus subsp. whileyi
MH127521.1	MT459365.1.1464	99.789	1422	0.0	2610	Bacteria;Bacillati;Bacillota;Bacilli;Lactobacillales;Streptococcaceae;Streptococcus;Streptococcus anginosus
MH127522.1	MH127522.1.1430	100.000	1430	0.0	2641	Bacteria;Bacillati;Bacillota;Bacilli;Lactobacillales;Streptococcaceae;Streptococcus;Streptococcus anginosus
MH628233.1	JASOLX010000056.3560.5115	98.879	1516	0.0	2702	Bacteria;Bacillati;Bacillota;Bacilli;Lactobacillales;Streptococcaceae;Streptococcus;Lacticaseibacillus paracasei
MH628245.1	PQ845660.1.1511	98.947	1520	0.0	2706	Bacteria;Bacillati;Bacillota;Bacilli;Lactobacillales;Streptococcaceae;Streptococcus;uncultured Streptococcus sp.
MH813973.1	MH813973.1.1314	100.000	1244	0.0	2298	Bacteria;Bacillati;Bacillota;Bacilli;Lactobacillales;Streptococcaceae;Streptococcus;Streptococcus anginosus
MH817378.1	MH817378.1.1364	100.000	1364	0.0	2519	Bacteria;Bacillati;Bacillota;Bacilli;Lactobacillales;Streptococcaceae;Streptococcus;Streptococcus anginosus
MH817386.1	MH817386.1.1425	100.000	1412	0.0	2608	Bacteria;Bacillati;Bacillota;Bacilli;Lactobacillales;Streptococcaceae;Streptococcus;Streptococcus anginosus
MH817390.1	MH817390.1.1380	100.000	1377	0.0	2543	Bacteria;Bacillati;Bacillota;Bacilli;Lactobacillales;Streptococcaceae;Streptococcus;Streptococcus anginosus
MH817391.1	MH817391.1.1388	100.000	1388	0.0	2564	Bacteria;Bacillati;Bacillota;Bacilli;Lactobacillales;Streptococcaceae;Streptococcus;Streptococcus anginosus
MH817392.1	MH817392.1.1418	100.000	1418	0.0	2619	Bacteria;Bacillati;Bacillota;Bacilli;Lactobacillales;Streptococcaceae;Streptococcus;Streptococcus anginosus
MH817660.1	MH817660.1.1388	100.000	1365	0.0	2521	Bacteria;Bacillati;Bacillota;Bacilli;Lactobacillales;Streptococcaceae;Streptococcus;Streptococcus anginosus
MH817662.1	MH817662.1.1339	100.000	1330	0.0	2457	Bacteria;Bacillati;Bacillota;Bacilli;Lactobacillales;Streptococcaceae;Streptococcus;Streptococcus anginosus
MH930443.1	DQ232519.1.1477	99.362	1411	0.0	2551	Bacteria;Bacillati;Bacillota;Bacilli;Lactobacillales;Streptococcaceae;Streptococcus;Streptococcus anginosus
MH997758.1	MH997758.1.1357	100.000	1357	0.0	2507	Bacteria;Bacillati;Bacillota;Bacilli;Lactobacillales;Streptococcaceae;Streptococcus;Streptococcus anginosus
MH997762.1	MH997762.1.1373	100.000	1373	0.0	2536	Bacteria;Bacillati;Bacillota;Bacilli;Lactobacillales;Streptococcaceae;Streptococcus;Streptococcus anginosus
MK131295.1	MK131295.1.1339	100.000	1339	0.0	2473	Bacteria;Bacillati;Bacillota;Bacilli;Lactobacillales;Streptococcaceae;Streptococcus;Streptococcus anginosus
MK270132.2	PQ779990.1.1458	99.929	1409	0.0	2595	Bacteria;Bacillati;Bacillota;Bacilli;Lactobacillales;Streptococcaceae;Streptococcus;Bacillota bacterium
MK330515.1	AFIM01000033.206.1753	100.000	1288	0.0	2379	Bacteria;Bacillati;Bacillota;Bacilli;Lactobacillales;Streptococcaceae;Streptococcus;Streptococcus anginosus SK52 = DSM 20563
MT242497.1	AFIM01000033.206.1753	99.391	1479	0.0	2680	Bacteria;Bacillati;Bacillota;Bacilli;Lactobacillales;Streptococcaceae;Streptococcus;Streptococcus anginosus SK52 = DSM 20563
MT242501.1	AFIM01000033.206.1753	99.459	1478	0.0	2686	Bacteria;Bacillati;Bacillota;Bacilli;Lactobacillales;Streptococcaceae;Streptococcus;Streptococcus anginosus SK52 = DSM 20563
MT256261.1	AFIM01000033.206.1753	99.797	1478	0.0	2713	Bacteria;Bacillati;Bacillota;Bacilli;Lactobacillales;Streptococcaceae;Streptococcus;Streptococcus anginosus SK52 = DSM 20563
MT261781.1	PQ845660.1.1511	98.853	1482	0.0	2630	Bacteria;Bacillati;Bacillota;Bacilli;Lactobacillales;Streptococcaceae;Streptococcus;uncultured Streptococcus sp.
MT261804.1	DQ232519.1.1477	99.728	1470	0.0	2693	Bacteria;Bacillati;Bacillota;Bacilli;Lactobacillales;Streptococcaceae;Streptococcus;Streptococcus anginosus
MT261807.1	AFIM01000033.206.1753	99.729	1478	0.0	2708	Bacteria;Bacillati;Bacillota;Bacilli;Lactobacillales;Streptococcaceae;Streptococcus;Streptococcus anginosus SK52 = DSM 20563
MT280213.1	DQ232519.1.1477	99.864	1470	0.0	2704	Bacteria;Bacillati;Bacillota;Bacilli;Lactobacillales;Streptococcaceae;Streptococcus;Streptococcus anginosus
MT280220.1	DQ232519.1.1477	99.796	1470	0.0	2697	Bacteria;Bacillati;Bacillota;Bacilli;Lactobacillales;Streptococcaceae;Streptococcus;Streptococcus anginosus
MT280310.1	AFIM01000033.206.1753	99.594	1478	0.0	2697	Bacteria;Bacillati;Bacillota;Bacilli;Lactobacillales;Streptococcaceae;Streptococcus;Streptococcus anginosus SK52 = DSM 20563
MT295467.1	AFIM01000033.206.1753	99.797	1478	0.0	2713	Bacteria;Bacillati;Bacillota;Bacilli;Lactobacillales;Streptococcaceae;Streptococcus;Streptococcus anginosus SK52 = DSM 20563
MT299682.1	AFIM01000033.206.1753	99.729	1478	0.0	2708	Bacteria;Bacillati;Bacillota;Bacilli;Lactobacillales;Streptococcaceae;Streptococcus;Streptococcus anginosus SK52 = DSM 20563
MT299717.1	AFIM01000033.206.1753	99.729	1478	0.0	2708	Bacteria;Bacillati;Bacillota;Bacilli;Lactobacillales;Streptococcaceae;Streptococcus;Streptococcus anginosus SK52 = DSM 20563
MT320108.1	AFIM01000033.206.1753	99.797	1478	0.0	2713	Bacteria;Bacillati;Bacillota;Bacilli;Lactobacillales;Streptococcaceae;Streptococcus;Streptococcus anginosus SK52 = DSM 20563
MT436816.1	AFIM01000033.206.1753	99.594	1478	0.0	2699	Bacteria;Bacillati;Bacillota;Bacilli;Lactobacillales;Streptococcaceae;Streptococcus;Streptococcus anginosus SK52 = DSM 20563
MT436823.1	AFIM01000033.206.1753	99.662	1478	0.0	2700	Bacteria;Bacillati;Bacillota;Bacilli;Lactobacillales;Streptococcaceae;Streptococcus;Streptococcus anginosus SK52 = DSM 20563
MT436826.1	AFIM01000033.206.1753	99.662	1478	0.0	2702	Bacteria;Bacillati;Bacillota;Bacilli;Lactobacillales;Streptococcaceae;Streptococcus;Streptococcus anginosus SK52 = DSM 20563
MT459251.1	AFIM01000033.206.1753	99.729	1478	0.0	2708	Bacteria;Bacillati;Bacillota;Bacilli;Lactobacillales;Streptococcaceae;Streptococcus;Streptococcus anginosus SK52 = DSM 20563
MT459252.1	AFIM01000033.206.1753	99.526	1478	0.0	2691	Bacteria;Bacillati;Bacillota;Bacilli;Lactobacillales;Streptococcaceae;Streptococcus;Streptococcus anginosus SK52 = DSM 20563
MT459269.1	AFIM01000033.206.1753	99.662	1478	0.0	2702	Bacteria;Bacillati;Bacillota;Bacilli;Lactobacillales;Streptococcaceae;Streptococcus;Streptococcus anginosus SK52 = DSM 20563
MT459364.1	JN787181.1.1404	99.786	1404	0.0	2577	Bacteria;Bacillati;Bacillota;Bacilli;Lactobacillales;Streptococcaceae;Streptococcus;Streptococcus anginosus
MT459365.1	MT459365.1.1464	100.000	1464	0.0	2704	Bacteria;Bacillati;Bacillota;Bacilli;Lactobacillales;Streptococcaceae;Streptococcus;Streptococcus anginosus
MT477776.1	AFIM01000033.206.1753	99.662	1478	0.0	2702	Bacteria;Bacillati;Bacillota;Bacilli;Lactobacillales;Streptococcaceae;Streptococcus;Streptococcus anginosus SK52 = DSM 20563
MT482705.1	DQ232519.1.1477	99.796	1470	0.0	2699	Bacteria;Bacillati;Bacillota;Bacilli;Lactobacillales;Streptococcaceae;Streptococcus;Streptococcus anginosus
MT498552.1	AFIM01000033.206.1753	99.662	1478	0.0	2702	Bacteria;Bacillati;Bacillota;Bacilli;Lactobacillales;Streptococcaceae;Streptococcus;Streptococcus anginosus SK52 = DSM 20563
MT500684.1	AFIM01000033.206.1753	99.797	1478	0.0	2713	Bacteria;Bacillati;Bacillota;Bacilli;Lactobacillales;Streptococcaceae;Streptococcus;Streptococcus anginosus SK52 = DSM 20563
MT512079.1	PQ779990.1.1458	99.656	1452	0.0	2652	Bacteria;Bacillati;Bacillota;Bacilli;Lactobacillales;Streptococcaceae;Streptococcus;Bacillota bacterium
MT512098.1	JN787181.1.1404	99.786	1404	0.0	2577	Bacteria;Bacillati;Bacillota;Bacilli;Lactobacillales;Streptococcaceae;Streptococcus;Streptococcus anginosus
MT535860.1	AFIM01000033.206.1753	99.845	1288	0.0	2368	Bacteria;Bacillati;Bacillota;Bacilli;Lactobacillales;Streptococcaceae;Streptococcus;Streptococcus anginosus SK52 = DSM 20563
MT535861.1	CP118032.1567698.1569256	99.690	1289	0.0	2357	Bacteria;Bacillati;Bacillota;Bacilli;Lactobacillales;Streptococcaceae;Streptococcus;Lactobacillus gasseri
MT545124.1	PQ845660.1.1511	98.700	1461	0.0	2579	Bacteria;Bacillati;Bacillota;Bacilli;Lactobacillales;Streptococcaceae;Streptococcus;uncultured Streptococcus sp.
MT573751.1	MT597725.1.1468	99.589	1460	0.0	2660	Bacteria;Bacillati;Bacillota;Bacilli;Lactobacillales;Streptococcaceae;Streptococcus;Streptococcus anginosus
MT573752.1	MT573752.1.1444	100.000	1444	0.0	2667	Bacteria;Bacillati;Bacillota;Bacilli;Lactobacillales;Streptococcaceae;Streptococcus;Streptococcus anginosus
MT573862.1	MT597725.1.1468	99.655	1450	0.0	2649	Bacteria;Bacillati;Bacillota;Bacilli;Lactobacillales;Streptococcaceae;Streptococcus;Streptococcus anginosus
MT585448.1	MT585448.1.1403	100.000	1403	0.0	2591	Bacteria;Bacillati;Bacillota;Bacilli;Lactobacillales;Streptococcaceae;Streptococcus;Streptococcus anginosus subsp. whileyi
MT585451.1	MT585451.1.1420	100.000	1415	0.0	2614	Bacteria;Bacillati;Bacillota;Bacilli;Lactobacillales;Streptococcaceae;Streptococcus;Streptococcus anginosus subsp. whileyi
MT585452.1	JN787193.1.1404	99.570	1394	0.0	2540	Bacteria;Bacillati;Bacillota;Bacilli;Lactobacillales;Streptococcaceae;Streptococcus;Streptococcus anginosus subsp. whileyi CCUG 39159
MT597524.1	MT597725.1.1468	99.653	1439	0.0	2627	Bacteria;Bacillati;Bacillota;Bacilli;Lactobacillales;Streptococcaceae;Streptococcus;Streptococcus anginosus
MT597583.1	MT597583.1.1465	100.000	1465	0.0	2706	Bacteria;Bacillati;Bacillota;Bacilli;Lactobacillales;Streptococcaceae;Streptococcus;Streptococcus anginosus
MT597584.1	MT597583.1.1465	100.000	1440	0.0	2660	Bacteria;Bacillati;Bacillota;Bacilli;Lactobacillales;Streptococcaceae;Streptococcus;Streptococcus anginosus
MT597613.1	MT597613.1.1449	100.000	1449	0.0	2676	Bacteria;Bacillati;Bacillota;Bacilli;Lactobacillales;Streptococcaceae;Streptococcus;Streptococcus anginosus
MT597616.1	MT459365.1.1464	99.520	1458	0.0	2651	Bacteria;Bacillati;Bacillota;Bacilli;Lactobacillales;Streptococcaceae;Streptococcus;Streptococcus anginosus
MT597617.1	MT597617.1.1444	100.000	1426	0.0	2634	Bacteria;Bacillati;Bacillota;Bacilli;Lactobacillales;Streptococcaceae;Streptococcus;Streptococcus anginosus subsp. whileyi
MT597634.1	MT597725.1.1468	99.519	1456	0.0	2649	Bacteria;Bacillati;Bacillota;Bacilli;Lactobacillales;Streptococcaceae;Streptococcus;Streptococcus anginosus
MT597725.1	MT597725.1.1468	100.000	1468	0.0	2712	Bacteria;Bacillati;Bacillota;Bacilli;Lactobacillales;Streptococcaceae;Streptococcus;Streptococcus anginosus
MT597726.1	MT597725.1.1468	100.000	1468	0.0	2712	Bacteria;Bacillati;Bacillota;Bacilli;Lactobacillales;Streptococcaceae;Streptococcus;Streptococcus anginosus
MT658564.1	AFIM01000033.206.1753	99.662	1478	0.0	2702	Bacteria;Bacillati;Bacillota;Bacilli;Lactobacillales;Streptococcaceae;Streptococcus;Streptococcus anginosus SK52 = DSM 20563
MT665031.1	AFIM01000033.206.1753	99.797	1478	0.0	2713	Bacteria;Bacillati;Bacillota;Bacilli;Lactobacillales;Streptococcaceae;Streptococcus;Streptococcus anginosus SK52 = DSM 20563
MT807213.1	JN787171.1.1404	100.000	1349	0.0	2492	Bacteria;Bacillati;Bacillota;Bacilli;Lactobacillales;Streptococcaceae;Streptococcus;Streptococcus anginosus
MT807231.1	MT597617.1.1444	99.926	1359	0.0	2505	Bacteria;Bacillati;Bacillota;Bacilli;Lactobacillales;Streptococcaceae;Streptococcus;Streptococcus anginosus subsp. whileyi
MT807232.1	MT597725.1.1468	99.926	1359	0.0	2505	Bacteria;Bacillati;Bacillota;Bacilli;Lactobacillales;Streptococcaceae;Streptococcus;Streptococcus anginosus
MT807287.1	MT905169.1.1408	100.000	1383	0.0	2555	Bacteria;Bacillati;Bacillota;Bacilli;Lactobacillales;Streptococcaceae;Streptococcus;Streptococcus hominis
MT807380.1	DQ232519.1.1477	100.000	1375	0.0	2540	Bacteria;Bacillati;Bacillota;Bacilli;Lactobacillales;Streptococcaceae;Streptococcus;Streptococcus anginosus
MT807381.1	DQ232519.1.1477	100.000	1364	0.0	2519	Bacteria;Bacillati;Bacillota;Bacilli;Lactobacillales;Streptococcaceae;Streptococcus;Streptococcus anginosus
MT807409.1	DQ232518.1.1477	100.000	1381	0.0	2551	Bacteria;Bacillati;Bacillota;Bacilli;Lactobacillales;Streptococcaceae;Streptococcus;Streptococcus anginosus
MT807410.1	DQ232518.1.1477	100.000	1371	0.0	2532	Bacteria;Bacillati;Bacillota;Bacilli;Lactobacillales;Streptococcaceae;Streptococcus;Streptococcus anginosus
MT807441.1	DQ232519.1.1477	99.924	1317	0.0	2427	Bacteria;Bacillati;Bacillota;Bacilli;Lactobacillales;Streptococcaceae;Streptococcus;Streptococcus anginosus
MT807442.1	JN787171.1.1404	99.927	1372	0.0	2529	Bacteria;Bacillati;Bacillota;Bacilli;Lactobacillales;Streptococcaceae;Streptococcus;Streptococcus anginosus
MT807467.1	JN787181.1.1404	99.780	1362	0.0	2499	Bacteria;Bacillati;Bacillota;Bacilli;Lactobacillales;Streptococcaceae;Streptococcus;Streptococcus anginosus
MT807472.1	DQ232519.1.1477	99.856	1392	0.0	2560	Bacteria;Bacillati;Bacillota;Bacilli;Lactobacillales;Streptococcaceae;Streptococcus;Streptococcus anginosus
MT807495.1	MT597725.1.1468	99.854	1369	0.0	2518	Bacteria;Bacillati;Bacillota;Bacilli;Lactobacillales;Streptococcaceae;Streptococcus;Streptococcus anginosus
MT807562.1	MT905169.1.1408	99.274	1378	0.0	2490	Bacteria;Bacillati;Bacillota;Bacilli;Lactobacillales;Streptococcaceae;Streptococcus;Streptococcus hominis
MT807563.1	KC569584.1.1426	100.000	1339	0.0	2473	Bacteria;Bacillati;Bacillota;Bacilli;Lactobacillales;Streptococcaceae;Streptococcus;Streptococcus anginosus
MT807578.1	JN787171.1.1404	99.856	1389	0.0	2556	Bacteria;Bacillati;Bacillota;Bacilli;Lactobacillales;Streptococcaceae;Streptococcus;Streptococcus anginosus
MT807630.1	MT905169.1.1408	99.929	1409	0.0	2595	Bacteria;Bacillati;Bacillota;Bacilli;Lactobacillales;Streptococcaceae;Streptococcus;Streptococcus hominis
MT807631.1	JN787181.1.1404	99.786	1399	0.0	2567	Bacteria;Bacillati;Bacillota;Bacilli;Lactobacillales;Streptococcaceae;Streptococcus;Streptococcus anginosus
MT807632.1	JN787181.1.1404	99.786	1404	0.0	2577	Bacteria;Bacillati;Bacillota;Bacilli;Lactobacillales;Streptococcaceae;Streptococcus;Streptococcus anginosus
MT807646.1	JN787181.1.1404	99.855	1380	0.0	2538	Bacteria;Bacillati;Bacillota;Bacilli;Lactobacillales;Streptococcaceae;Streptococcus;Streptococcus anginosus
MT807654.1	MT597583.1.1465	99.644	1403	0.0	2569	Bacteria;Bacillati;Bacillota;Bacilli;Lactobacillales;Streptococcaceae;Streptococcus;Streptococcus anginosus
MT807694.1	MT597725.1.1468	99.929	1409	0.0	2597	Bacteria;Bacillati;Bacillota;Bacilli;Lactobacillales;Streptococcaceae;Streptococcus;Streptococcus anginosus
MT807695.1	MT597725.1.1468	99.929	1405	0.0	2590	Bacteria;Bacillati;Bacillota;Bacilli;Lactobacillales;Streptococcaceae;Streptococcus;Streptococcus anginosus
MT807725.1	MT597583.1.1465	99.856	1390	0.0	2556	Bacteria;Bacillati;Bacillota;Bacilli;Lactobacillales;Streptococcaceae;Streptococcus;Streptococcus anginosus
MT807726.1	MT597583.1.1465	99.857	1394	0.0	2564	Bacteria;Bacillati;Bacillota;Bacilli;Lactobacillales;Streptococcaceae;Streptococcus;Streptococcus anginosus
MT807741.1	MT597725.1.1468	99.929	1399	0.0	2579	Bacteria;Bacillati;Bacillota;Bacilli;Lactobacillales;Streptococcaceae;Streptococcus;Streptococcus anginosus
MT807742.1	MT597583.1.1465	99.858	1411	0.0	2595	Bacteria;Bacillati;Bacillota;Bacilli;Lactobacillales;Streptococcaceae;Streptococcus;Streptococcus anginosus
MT807823.1	MT905169.1.1408	99.272	1374	0.0	2483	Bacteria;Bacillati;Bacillota;Bacilli;Lactobacillales;Streptococcaceae;Streptococcus;Streptococcus hominis
MT807824.1	MT905169.1.1408	99.203	1380	0.0	2488	Bacteria;Bacillati;Bacillota;Bacilli;Lactobacillales;Streptococcaceae;Streptococcus;Streptococcus hominis
MT807825.1	JN787181.1.1404	99.854	1374	0.0	2527	Bacteria;Bacillati;Bacillota;Bacilli;Lactobacillales;Streptococcaceae;Streptococcus;Streptococcus anginosus
MT807827.1	DQ232519.1.1477	100.000	1370	0.0	2531	Bacteria;Bacillati;Bacillota;Bacilli;Lactobacillales;Streptococcaceae;Streptococcus;Streptococcus anginosus
MT807829.1	DQ232519.1.1477	100.000	1379	0.0	2547	Bacteria;Bacillati;Bacillota;Bacilli;Lactobacillales;Streptococcaceae;Streptococcus;Streptococcus anginosus
MT807830.1	DQ232519.1.1477	100.000	1381	0.0	2551	Bacteria;Bacillati;Bacillota;Bacilli;Lactobacillales;Streptococcaceae;Streptococcus;Streptococcus anginosus
MT807854.1	MT905169.1.1408	99.929	1402	0.0	2582	Bacteria;Bacillati;Bacillota;Bacilli;Lactobacillales;Streptococcaceae;Streptococcus;Streptococcus hominis
MT807855.1	MT905169.1.1408	99.929	1403	0.0	2584	Bacteria;Bacillati;Bacillota;Bacilli;Lactobacillales;Streptococcaceae;Streptococcus;Streptococcus hominis
MT807874.1	MT597583.1.1465	99.858	1408	0.0	2590	Bacteria;Bacillati;Bacillota;Bacilli;Lactobacillales;Streptococcaceae;Streptococcus;Streptococcus anginosus
MT807875.1	MT597583.1.1465	99.858	1405	0.0	2584	Bacteria;Bacillati;Bacillota;Bacilli;Lactobacillales;Streptococcaceae;Streptococcus;Streptococcus anginosus
MT903068.1	MT459365.1.1464	99.859	1422	0.0	2614	Bacteria;Bacillati;Bacillota;Bacilli;Lactobacillales;Streptococcaceae;Streptococcus;Streptococcus anginosus
MW090399.1	MT597725.1.1468	99.930	1424	0.0	2623	Bacteria;Bacillati;Bacillota;Bacilli;Lactobacillales;Streptococcaceae;Streptococcus;Streptococcus anginosus
MW404394.1	AFIM01000033.206.1753	99.729	1478	0.0	2708	Bacteria;Bacillati;Bacillota;Bacilli;Lactobacillales;Streptococcaceae;Streptococcus;Streptococcus anginosus SK52 = DSM 20563
MW404398.1	AFIM01000033.206.1753	99.662	1478	0.0	2700	Bacteria;Bacillati;Bacillota;Bacilli;Lactobacillales;Streptococcaceae;Streptococcus;Streptococcus anginosus SK52 = DSM 20563
MW404400.1	AFIM01000033.206.1753	99.662	1478	0.0	2702	Bacteria;Bacillati;Bacillota;Bacilli;Lactobacillales;Streptococcaceae;Streptococcus;Streptococcus anginosus SK52 = DSM 20563
MW404518.1	AFIM01000033.206.1753	99.729	1478	0.0	2708	Bacteria;Bacillati;Bacillota;Bacilli;Lactobacillales;Streptococcaceae;Streptococcus;Streptococcus anginosus SK52 = DSM 20563
MW404519.1	AFIM01000033.206.1753	99.729	1478	0.0	2708	Bacteria;Bacillati;Bacillota;Bacilli;Lactobacillales;Streptococcaceae;Streptococcus;Streptococcus anginosus SK52 = DSM 20563
MW407045.1	AFIM01000033.206.1753	100.000	1478	0.0	2730	Bacteria;Bacillati;Bacillota;Bacilli;Lactobacillales;Streptococcaceae;Streptococcus;Streptococcus anginosus SK52 = DSM 20563
MW412584.1	AFIM01000033.206.1753	99.594	1478	0.0	2697	Bacteria;Bacillati;Bacillota;Bacilli;Lactobacillales;Streptococcaceae;Streptococcus;Streptococcus anginosus SK52 = DSM 20563
MW541857.1	AFIM01000033.206.1753	99.729	1478	0.0	2708	Bacteria;Bacillati;Bacillota;Bacilli;Lactobacillales;Streptococcaceae;Streptococcus;Streptococcus anginosus SK52 = DSM 20563
MW543923.1	PQ845660.1.1511	98.741	1509	0.0	2669	Bacteria;Bacillati;Bacillota;Bacilli;Lactobacillales;Streptococcaceae;Streptococcus;uncultured Streptococcus sp.
MW543926.1	AFIM01000033.206.1753	99.667	1502	0.0	2747	Bacteria;Bacillati;Bacillota;Bacilli;Lactobacillales;Streptococcaceae;Streptococcus;Streptococcus anginosus SK52 = DSM 20563
MW555226.1	AFIM01000033.206.1753	99.730	1479	0.0	2708	Bacteria;Bacillati;Bacillota;Bacilli;Lactobacillales;Streptococcaceae;Streptococcus;Streptococcus anginosus SK52 = DSM 20563
MW555231.1	AFIM01000033.206.1753	99.865	1478	0.0	2719	Bacteria;Bacillati;Bacillota;Bacilli;Lactobacillales;Streptococcaceae;Streptococcus;Streptococcus anginosus SK52 = DSM 20563
MW595978.1	PQ845660.1.1511	99.005	1508	0.0	2691	Bacteria;Bacillati;Bacillota;Bacilli;Lactobacillales;Streptococcaceae;Streptococcus;uncultured Streptococcus sp.
MW595979.1	AFIM01000033.206.1753	99.736	1517	0.0	2780	Bacteria;Bacillati;Bacillota;Bacilli;Lactobacillales;Streptococcaceae;Streptococcus;Streptococcus anginosus SK52 = DSM 20563
MW658778.1	AFIM01000033.206.1753	99.662	1478	0.0	2702	Bacteria;Bacillati;Bacillota;Bacilli;Lactobacillales;Streptococcaceae;Streptococcus;Streptococcus anginosus SK52 = DSM 20563
NR_041722.2	AF104678.1.1573	100.000	1536	0.0	2819	Bacteria;Bacillati;Bacillota;Bacilli;Lactobacillales;Streptococcaceae;Streptococcus;Streptococcus anginosus
NR_112705.1	AB355609.1.1399	100.000	1399	0.0	2584	Bacteria;Bacillati;Bacillota;Bacilli;Lactobacillales;Streptococcaceae;Streptococcus;Streptococcus anginosus
NR_117426.1	DQ232518.1.1477	100.000	1477	0.0	2728	Bacteria;Bacillati;Bacillota;Bacilli;Lactobacillales;Streptococcaceae;Streptococcus;Streptococcus anginosus
NR_118289.1	AFIM01000033.206.1753	100.000	1478	0.0	2730	Bacteria;Bacillati;Bacillota;Bacilli;Lactobacillales;Streptococcaceae;Streptococcus;Streptococcus anginosus SK52 = DSM 20563
NR_118320.1	JN787193.1.1404	100.000	1404	0.0	2593	Bacteria;Bacillati;Bacillota;Bacilli;Lactobacillales;Streptococcaceae;Streptococcus;Streptococcus anginosus subsp. whileyi CCUG 39159
NR_118937.1	X58309.1.1334	100.000	1334	0.0	2379	Bacteria;Bacillati;Bacillota;Bacilli;Lactobacillales;Streptococcaceae;Streptococcus;Streptococcus anginosus
NZ_JAQMKN010000038.1	JANPYA010115596.862.2365	100.000	321	3.33e-167	593	Bacteria;Pseudomonadati--other;Bacteroidota;Bacteroidia;Bacteroidales;Bacteroidaceae;Bacteroides;wastewater metagenome
OM265428.1	PQ845660.1.1511	99.057	1485	0.0	2652	Bacteria;Bacillati;Bacillota;Bacilli;Lactobacillales;Streptococcaceae;Streptococcus;uncultured Streptococcus sp.
ON055608.1	DQ232519.1.1477	99.925	1333	0.0	2457	Bacteria;Bacillati;Bacillota;Bacilli;Lactobacillales;Streptococcaceae;Streptococcus;Streptococcus anginosus
ON077342.1	AFIM01000033.206.1753	99.405	1512	0.0	2743	Bacteria;Bacillati;Bacillota;Bacilli;Lactobacillales;Streptococcaceae;Streptococcus;Streptococcus anginosus SK52 = DSM 20563
ON796814.1	AB355609.1.1399	95.928	1105	0.0	1816	Bacteria;Bacillati;Bacillota;Bacilli;Lactobacillales;Streptococcaceae;Streptococcus;Streptococcus anginosus
ON810613.1	ON810613.1.1254	100.000	1254	0.0	2316	Bacteria;Bacillati;Bacillota;Bacilli;Lactobacillales;Streptococcaceae;Streptococcus;Streptococcus anginosus
ON810614.1	ON810614.1.1211	100.000	1211	0.0	2237	Bacteria;Bacillati;Bacillota;Bacilli;Lactobacillales;Streptococcaceae;Streptococcus;Streptococcus anginosus
OQ216617.1	JASOLX010000056.3560.5115	98.960	1539	0.0	2748	Bacteria;Bacillati;Bacillota;Bacilli;Lactobacillales;Streptococcaceae;Streptococcus;Lacticaseibacillus paracasei
OQ383429.1	OQ383429.1.1210	100.000	1210	0.0	2235	Bacteria;Bacillati;Bacillota;Bacilli;Lactobacillales;Streptococcaceae;Streptococcus;Streptococcus anginosus
OQ947771.1	DQ232519.1.1477	99.578	1421	0.0	2590	Bacteria;Bacillati;Bacillota;Bacilli;Lactobacillales;Streptococcaceae;Streptococcus;Streptococcus anginosus
OR501223.1	MT597725.1.1468	99.790	1429	0.0	2623	Bacteria;Bacillati;Bacillota;Bacilli;Lactobacillales;Streptococcaceae;Streptococcus;Streptococcus anginosus
OR501225.1	MT597725.1.1468	99.929	1411	0.0	2601	Bacteria;Bacillati;Bacillota;Bacilli;Lactobacillales;Streptococcaceae;Streptococcus;Streptococcus anginosus
OR501229.1	JN787181.1.1404	99.642	1398	0.0	2555	Bacteria;Bacillati;Bacillota;Bacilli;Lactobacillales;Streptococcaceae;Streptococcus;Streptococcus anginosus
OR501238.1	DQ232519.1.1477	99.929	1411	0.0	2601	Bacteria;Bacillati;Bacillota;Bacilli;Lactobacillales;Streptococcaceae;Streptococcus;Streptococcus anginosus
OR501239.1	JN787181.1.1404	99.785	1398	0.0	2566	Bacteria;Bacillati;Bacillota;Bacilli;Lactobacillales;Streptococcaceae;Streptococcus;Streptococcus anginosus
OR501249.1	AFIM01000033.206.1753	99.787	1411	0.0	2590	Bacteria;Bacillati;Bacillota;Bacilli;Lactobacillales;Streptococcaceae;Streptococcus;Streptococcus anginosus SK52 = DSM 20563
OR501251.1	JN787181.1.1404	99.642	1398	0.0	2555	Bacteria;Bacillati;Bacillota;Bacilli;Lactobacillales;Streptococcaceae;Streptococcus;Streptococcus anginosus
OR501255.1	JN787181.1.1404	99.714	1398	0.0	2560	Bacteria;Bacillati;Bacillota;Bacilli;Lactobacillales;Streptococcaceae;Streptococcus;Streptococcus anginosus
OR501257.1	DQ232519.1.1477	99.929	1411	0.0	2601	Bacteria;Bacillati;Bacillota;Bacilli;Lactobacillales;Streptococcaceae;Streptococcus;Streptococcus anginosus
OR501259.1	DQ232519.1.1477	99.929	1411	0.0	2601	Bacteria;Bacillati;Bacillota;Bacilli;Lactobacillales;Streptococcaceae;Streptococcus;Streptococcus anginosus
OR501281.1	PQ779972.1.1458	100.000	1411	0.0	2606	Bacteria;Bacillati;Bacillota;Bacilli;Lactobacillales;Streptococcaceae;Streptococcus;Bacillota bacterium
OR501282.1	DQ232519.1.1477	99.858	1411	0.0	2595	Bacteria;Bacillati;Bacillota;Bacilli;Lactobacillales;Streptococcaceae;Streptococcus;Streptococcus anginosus
OR501283.1	DQ232519.1.1477	99.929	1411	0.0	2601	Bacteria;Bacillati;Bacillota;Bacilli;Lactobacillales;Streptococcaceae;Streptococcus;Streptococcus anginosus
OR501304.1	JN787181.1.1404	99.857	1398	0.0	2571	Bacteria;Bacillati;Bacillota;Bacilli;Lactobacillales;Streptococcaceae;Streptococcus;Streptococcus anginosus
OR501306.1	JN787181.1.1404	99.428	1398	0.0	2538	Bacteria;Bacillati;Bacillota;Bacilli;Lactobacillales;Streptococcaceae;Streptococcus;Streptococcus anginosus
OR501317.1	KC569584.1.1426	99.928	1389	0.0	2560	Bacteria;Bacillati;Bacillota;Bacilli;Lactobacillales;Streptococcaceae;Streptococcus;Streptococcus anginosus
OR501332.1	DQ232519.1.1477	99.929	1413	0.0	2604	Bacteria;Bacillati;Bacillota;Bacilli;Lactobacillales;Streptococcaceae;Streptococcus;Streptococcus anginosus
OR976017.1	MT597617.1.1444	99.842	1262	0.0	2320	Bacteria;Bacillati;Bacillota;Bacilli;Lactobacillales;Streptococcaceae;Streptococcus;Streptococcus anginosus subsp. whileyi
OR976018.1	CP118032.1567698.1569256	99.764	1269	0.0	2326	Bacteria;Bacillati;Bacillota;Bacilli;Lactobacillales;Streptococcaceae;Streptococcus;Lactobacillus gasseri
OR976019.1	CP118032.1567698.1569256	99.686	1273	0.0	2327	Bacteria;Bacillati;Bacillota;Bacilli;Lactobacillales;Streptococcaceae;Streptococcus;Lactobacillus gasseri
PP825757.1	KC569584.1.1426	99.690	1292	0.0	2364	Bacteria;Bacillati;Bacillota;Bacilli;Lactobacillales;Streptococcaceae;Streptococcus;Streptococcus anginosus
PP825763.1	DQ232519.1.1477	100.000	1288	0.0	2379	Bacteria;Bacillati;Bacillota;Bacilli;Lactobacillales;Streptococcaceae;Streptococcus;Streptococcus anginosus
PQ222501.1	PQ779990.1.1458	99.930	1424	0.0	2625	Bacteria;Bacillati;Bacillota;Bacilli;Lactobacillales;Streptococcaceae;Streptococcus;Bacillota bacterium
PQ222916.1	MT597583.1.1465	99.860	1426	0.0	2623	Bacteria;Bacillati;Bacillota;Bacilli;Lactobacillales;Streptococcaceae;Streptococcus;Streptococcus anginosus
PQ222928.1	MT905169.1.1408	99.716	1409	0.0	2579	Bacteria;Bacillati;Bacillota;Bacilli;Lactobacillales;Streptococcaceae;Streptococcus;Streptococcus hominis
PQ222932.1	MT597583.1.1465	99.860	1425	0.0	2621	Bacteria;Bacillati;Bacillota;Bacilli;Lactobacillales;Streptococcaceae;Streptococcus;Streptococcus anginosus
PQ222938.1	MT597583.1.1465	99.860	1424	0.0	2619	Bacteria;Bacillati;Bacillota;Bacilli;Lactobacillales;Streptococcaceae;Streptococcus;Streptococcus anginosus
PQ222941.1	MT597583.1.1465	99.860	1426	0.0	2623	Bacteria;Bacillati;Bacillota;Bacilli;Lactobacillales;Streptococcaceae;Streptococcus;Streptococcus anginosus
PV270569.1	MT597725.1.1468	99.929	1405	0.0	2590	Bacteria;Bacillati;Bacillota;Bacilli;Lactobacillales;Streptococcaceae;Streptococcus;Streptococcus anginosus
PVSY01000043.1	JRUS01000065.796.2379	99.156	237	1.01e-116	425	Eukaryota;Amorphea;Obazoa;Opisthokonta;Nucletmycea;Fungi;Dikarya;Ascomycota;Saccharomycotina;Saccharomycetes;Saccharomycetales;Saccharomycetaceae;Saccharomyces;Saccharomyces cerevisiae (baker's yeast)
QSDO01000081.1	CFFF01000203.4900.6512	85.782	211	7.80e-49	200	Bacteria;Bacillati;Bacillota;Bacilli;Lactobacillales;Streptococcaceae;Streptococcus;Streptococcus pneumoniae
VYVX01000034.1	CFFF01000203.4900.6512	86.463	229	1.17e-56	226	Bacteria;Bacillati;Bacillota;Bacilli;Lactobacillales;Streptococcaceae;Streptococcus;Streptococcus pneumoniae
X58309.1	X58309.1.1334	100.000	1334	0.0	2379	Bacteria;Bacillati;Bacillota;Bacilli;Lactobacillales;Streptococcaceae;Streptococcus;Streptococcus anginosus
